"exercicio";"rp_cod";"rp_desc";"gnd_cod";"gnd_desc";"ploa";"loa";"loa_mais_credito";"empenhado";"liquidado";"pago"
2026;"0";"Financeira";"9";"Reserva de Contingência";35182872657;35301028685;35278243668;0;0;0
2026;"2";"Primária discricionária, considerada no cálculo do RP";"9";"Reserva de Contingência";42052782297;1249276419;116232671;0;0;0
2026;"0";"Financeira";"1";"Pessoal e Encargos Sociais";29659585596;29659538597;29685612012;25085110126;18282822465;16848807435
2026;"6";"Primária discricionária, decorrente de emendas individuais, considerada no cálculo do RP";"5";"Inversões Financeiras";0;2350000;3450000;3240896;3240896;3240896
2026;"8";"Primária discricionária, decorrente de emendas de comissão permanente do SF, da CD e de comissão mista permanente do CN, considerada no cálculo do RP";"4";"Investimentos";0;5073416999;5206416999;3673584105;167619055;154631274
2026;"1";"Primária obrigatória, considerada no cálculo do RP";"1";"Pessoal e Encargos Sociais";459884819324;459886019324;458296698255;399934977912;313968268485;288331030935
2026;"2";"Primária discricionária, considerada no cálculo do RP";"5";"Inversões Financeiras";14128983356;13858324326;19152946537;17487863425;16837823927;16836885675
2026;"1";"Primária obrigatória, considerada no cálculo do RP";"3";"Outras Despesas Correntes";2485266835093;2484116245714;2514735177717;2104984169456;1736819995549;1725981857310
2026;"2";"Primária discricionária, considerada no cálculo do RP";"4";"Investimentos";10244828713;20091740069;15133099902;7751193163;2186660244;1990137359
2026;"0";"Financeira";"2";"Juros e Encargos da Dívida";643939797050;643939797050;643939797050;479617604841;471690017994;471690017994
2026;"7";"Primária discricionária, decorrente de emendas de bancada estadual, considerada no cálculo do RP";"3";"Outras Despesas Correntes";0;7241750091;7340326947;6087684296;4817358675;4784577330
2026;"2";"Primária discricionária, considerada no cálculo do RP";"3";"Outras Despesas Correntes";123714244197;121011568250;152988021045;105220531921;82990293485;80098024538
2026;"7";"Primária discricionária, decorrente de emendas de bancada estadual, considerada no cálculo do RP";"4";"Investimentos";0;3983561528;3884984672;1371035388;232097695;92208623
2026;"1";"Primária obrigatória, considerada no cálculo do RP";"5";"Inversões Financeiras";3279871478;3279871478;3279871478;3202027170;3202027168;3202027168
2026;"3";"Primária discricionária, PAC, considerada no cálculo do RP";"3";"Outras Despesas Correntes";5905431124;5696896667;6996926697;5449277304;4017364962;3963875637
2026;"0";"Financeira";"6";"Amortização da Dívida";2220511416421;2220511416421;2220511416421;1649765475699;1615050775327;1615050775327
2026;"0";"Financeira";"5";"Inversões Financeiras";205238158582;205150268554;305584171640;245329021663;214855674887;214560371658
2026;"0";"Financeira";"3";"Outras Despesas Correntes";2130018631;2130018631;2131264759;650965761;649839454;649823180
2026;"6";"Primária discricionária, decorrente de emendas individuais, considerada no cálculo do RP";"4";"Investimentos";0;9543865125;9436220540;7474153511;4711871970;4667271584
2026;"3";"Primária discricionária, PAC, considerada no cálculo do RP";"4";"Investimentos";41073069214;38135847352;45651473265;30924968740;17167795217;15550656178
2026;"1";"Primária obrigatória, considerada no cálculo do RP";"4";"Investimentos";3992530794;3992530794;4846950181;3985988759;1400721879;1338177100
2026;"8";"Primária discricionária, decorrente de emendas de comissão permanente do SF, da CD e de comissão mista permanente do CN, considerada no cálculo do RP";"3";"Outras Despesas Correntes";0;7041833001;6908833001;5947539107;5023110428;5017316207
2026;"3";"Primária discricionária, PAC, considerada no cálculo do RP";"5";"Inversões Financeiras";5950711785;6412874782;2960636222;1138630765;1062843538;1060485403
2026;"6";"Primária discricionária, decorrente de emendas individuais, considerada no cálculo do RP";"3";"Outras Despesas Correntes";0;17014710017;17121254602;15367321848;11150418393;11089147679
